Holiday,Date
Black Friday,2010-11-26
Black Friday,2011-11-25
Black Friday,2012-11-23
Black Friday,2013-11-29
Christmas Day,2010-12-25
Christmas Day,2011-12-25
Christmas Day,2012-12-25
Christmas Day,2013-12-25
Christmas Eve,2010-12-24
Christmas Eve,2011-12-24
Christmas Eve,2012-12-24
Christmas Eve,2013-12-24
Easter Sunday,2010-04-04
Easter Sunday,2011-04-24
Easter Sunday,2012-04-08
Easter Sunday,2013-03-31
Father's Day,2010-06-20
Father's Day,2011-06-19
Father's Day,2012-06-17
Father's Day,2013-06-16
Halloween,2010-10-31
Halloween,2011-10-31
Halloween,2012-10-31
Halloween,2013-10-31
Independence Day,2010-07-04
Independence Day,2011-07-04
Independence Day,2012-07-04
Independence Day,2013-07-04
Labor Day,2010-09-06
Labor Day,2011-09-05
Labor Day,2012-09-03
Labor Day,2013-09-02
Memorial Day,2010-05-31
Memorial Day,2011-05-30
Memorial Day,2012-05-28
Memorial Day,2013-05-27
Mother's Day,2010-05-09
Mother's Day,2011-05-08
Mother's Day,2012-05-13
Mother's Day,2013-05-12
New Year's Day,2010-01-01
New Year's Day,2011-01-01
New Year's Day,2012-01-01
New Year's Day,2013-01-01
St. Patrick's Day,2010-03-17
St. Patrick's Day,2011-03-17
St. Patrick's Day,2012-03-17
St. Patrick's Day,2013-03-17
Thanksgiving Day,2010-11-25
Thanksgiving Day,2011-11-24
Thanksgiving Day,2012-11-22
Thanksgiving Day,2013-11-28
Valentine's Day,2010-02-14
Valentine's Day,2011-02-14
Valentine's Day,2012-02-14
Valentine's Day,2013-02-14
Veterans Day,2010-11-11
Veterans Day,2011-11-11
Veterans Day,2012-11-11
Veterans Day,2013-11-11
Super Bowl,2010-02-07
Super Bowl,2011-02-06
Super Bowl,2012-02-05
Super Bowl,2013-02-03
